{"batch":2,"_runtime":1106.5191465,"value":0.02602485381066799,"label1":0.5822956562042236,"train_loss":42.36882974859327,"value1":0.05612798035144806,"_wandb":{"runtime":1106},"value0":-0.08475270122289658,"_timestamp":1.7383866542066374e+09,"label0":0.8269430994987488,"_step":2688}