{"value2":0.03856750577688217,"_timestamp":1.738388129952177e+09,"_step":3167,"label0":0.3939781188964844,"value0":0.00406075082719326,"label2":0.0990205630660057,"train_loss":17.332466836320236,"value1":0.045708347111940384,"_wandb":{"runtime":1384},"label1":0.06705082207918167,"_runtime":1383.7381922}