{"value2":-0.034735921770334244,"_wandb":{"runtime":783},"_step":3087,"train_loss":3.006416713896982,"label1":0.06295911967754364,"_runtime":783.6660954,"value0":-0.14844825863838196,"_timestamp":1.738388944311943e+09,"label0":0.113798126578331,"label2":0.17251920700073242,"value1":-0.10353957116603851}